lead_id,name,email,company,industry,role,company_size,score,priority,conversion_probability,buying_intent_level,persona_title,positioning_strategy,value_proposition,urgency_hook,closing_strategy,email_subject,email_body,email_cta,send_status,send_attempts,reply_received,reply_text,response_classification,response_sentiment,response_urgency,lead_temperature,recommended_next_step,follow_up_sent,follow_up_email,follow_up_urgency_score,follow_up_intent_analysis,lifecycle_stage,lifecycle_history,outcome
L0000,Samuel Vaughn,xmarshall@mcbride.info,"Jacobs, Monroe and Washington",Retail,Founder,1-50,5,Medium,0.4,Medium,Growth‑Focused Retail Founder,"Position the platform as a growth‑engine rather than a cost center: emphasize rapid time‑to‑value, modular rollout (store‑by‑store or channel‑by‑channel), and integration with existing POS hardware to avoid disruption. Highlight case studies of similar boutique retailers that achieved 20% sales lift after unifying data. Frame the offering as a strategic partnership with a dedicated success manager, not a vendor lock‑in.","Our unified retail platform consolidates POS, inventory, and e‑commerce data into a single real‑time dashboard, eliminating reporting delays, reducing overstock by up to 30%, and enabling hyper‑personalized marketing across channels. Automation of re‑ordering and supplier negotiations cuts manual effort by 40%, freeing your team to focus on growth initiatives. The solution is delivered as a SaaS subscription with a pay‑as‑you‑grow model, ensuring low upfront cost and predictable ROI within 6‑12 months.","The upcoming holiday season and Q4 sales surge present a narrow window: retailers that unify inventory and marketing now can capture an estimated $1.5M incremental revenue per 100 stores. Additionally, upcoming changes in supplier rebate structures (effective 1 Oct) reward real‑time inventory visibility, making immediate implementation a competitive advantage.","Start with a discovery workshop to map current POS and inventory workflows, then propose a 30‑day pilot in the flagship store with a clear success metric (e.g., 15% reduction in inventory variance). Use the pilot results to build a business case for enterprise rollout. Follow up with a CFO‑focused ROI presentation and a Founder‑focused growth roadmap, then close with a limited‑time discount on the first 12 months if signed before the end of the fiscal quarter.","Quick win for Jacobs, Monroe and Washington before the holiday rush","Hi Samuel,

I noticed Jacobs, Monroe and Washington is gearing up for the holiday surge. Our unified retail platform helped a boutique chain similar to yours double sales within a year by consolidating POS, inventory, and e‑commerce data into a real‑time dashboard. The rollout takes just a few weeks, cuts manual re‑ordering effort by 40%, and starts showing ROI in 6‑12 months—perfect timing for the upcoming Q4 demand and the new supplier rebate rules.

Would a brief 15‑minute chat next week work for you to walk through a phased, low‑disruption implementation?

Best,
[Your Name]","Reply with a convenient time for a short call, and I’ll send a calendar invite.",dry_run,1,True,"I'm out of the office until next month, will review then.",out_of_office,neutral,low,warm,Set a reminder to contact the lead in early next month to discuss further,False,,,,REPLIED,NEW -> VALIDATED -> SCORED -> ENRICHED -> CONTACTED -> REPLIED,Replied - awaiting outcome
L0001,Terry Harris,odomkurt@lewis.com,"Martin, Collins and King",FinTech,IT Manager,1-50,5,Medium,0.42,Medium,Strategic IT Operations Leader – FinTech,"Position our solution as the ""FinTech Operating System"" – a single, API‑first, cloud‑native platform that plugs into existing core banking APIs, abstracts legacy complexity, and delivers built‑in compliance, security, and observability. Emphasize the ability to keep data on‑prem or in a private cloud to address control concerns, and showcase our proven integration framework for legacy mainframes.","A unified, modular platform that modernizes legacy monoliths into micro‑services, reduces operational overhead, and accelerates regulatory compliance—all with a pay‑as‑you‑grow model that protects your budget and eliminates vendor sprawl.","Regulatory changes slated for Q4 2024 will require system updates within 30 days. Companies that delay risk fines and lost market share. Our rapid‑deployment kit can deliver critical compliance patches in weeks, not months, giving you a competitive edge and avoiding costly penalties.","1. Secure a 4‑week pilot focused on automating a single regulatory reporting workflow, with clear success metrics (time‑to‑compliance, cost savings). 
2. Conduct a joint ROI workshop with the CFO and Compliance Officer after pilot results, presenting a 3‑year TCO model that shows a 35 % reduction in operational spend. 
3. Offer a limited‑time “Fast‑Track Implementation” discount (10 % off the first year) contingent on signing a 3‑year agreement before the Q4 regulatory deadline. 
4. Leverage executive sponsorship from our CTO to provide a technical deep‑dive and security audit, reinforcing trust and accelerating the decision timeline.",Ensuring compliance without stretching your budget,"Hi Terry,

I noticed Martin, Collins & King is gearing up for the Q4 2024 regulatory changes. Our modular platform lets IT leaders like you modernize legacy monoliths into micro‑services, delivering measurable uptime and compliance without a big upfront spend. A recent fintech client saw a 22% reduction in operational overhead and met new regulations within 8 weeks, all on a pay‑as‑you‑grow model.

We can start with a low‑risk pilot that plugs into your existing stack, includes a clear migration roadmap, and scales as you need.

Would you be open to a brief 15‑minute call next week to explore how this could fit your budget and timeline?

Best,
[Your Name]
[Your Title]
[Your Company]",Schedule a 15‑minute call next week to discuss a pilot,dry_run,1,True,"Thanks for reaching out, this looks interesting - can we set up a call next week?",meeting_requested,positive,high,hot,Reply with available time slots for next week and send a calendar invite.,True,"Subject: Re: Quick call next week?

Hi Terry,

Thanks for getting back to me – I’m glad the solution caught your eye. I’d love to dive deeper into how our FinTech Operating System can help Martin, Collins & King modernize your legacy stack, stay ahead of the Q4 regulatory changes, and keep costs predictable.

Are you available for a brief 15‑minute call on one of the following slots?
- Tuesday, July 16th at 10:00 AM EST
- Wednesday, July 17th at 2:00 PM EST
- Thursday, July 18th at 11:30 AM EST

If none of these work, just let me know a time that’s better for you and I’ll gladly accommodate.

Looking forward to our conversation.

Best regards,
[Your Name]
[Your Title]
[Your Company]
[Phone] | [Email]",9.0,"The lead explicitly requested a meeting, indicating strong interest (meeting_requested) and a hot temperature. The reply shows willingness to engage and explore the solution, aligning with the lead's goal of addressing regulatory compliance and legacy modernization. The intent is to schedule a discovery call to discuss fit, budget, and timeline.

Urgency is high given the upcoming Q4 regulatory changes and the lead's prompt response, suggesting a need to move quickly.",CONVERTED,NEW -> VALIDATED -> SCORED -> ENRICHED -> CONTACTED -> REPLIED -> CONVERTED,Converted (meeting booked)
L0002,Kelly Schmidt,patrick18@schroeder.org,Mcintyre and Sons,EdTech,VP Sales,501-5000,6,Medium,0.45,Medium,"Strategic Growth Champion – VP of Sales, EdTech","Position the solution as the ""Data‑Driven Growth Engine"" for EdTech sales organizations. Emphasize how the platform acts as a strategic layer atop existing CRM/LMS tools, turning fragmented data into actionable insights. Highlight case studies of similar EdTech firms that reduced sales cycle length by 25% and improved forecast confidence from 60% to 90% within six months. Frame the product as an enabler of the VP’s mandate to drive scalable, predictable revenue while maintaining flexibility and control over tech investments.","Our unified sales enablement platform consolidates CRM, LMS, and marketing automation data into a single, real‑time dashboard, delivering 30‑40% faster deal velocity, 20% higher forecast accuracy, and the ability to personalize outreach at scale—all with a plug‑and‑play integration that preserves your existing tech stack. By eliminating data silos, you gain full visibility into every prospect’s journey, shortening procurement cycles in school districts and empowering your sales team to scale performance without added headcount.","The upcoming state education budget allocation cycle (Q4) creates a narrow window where districts fast‑track procurement decisions. Deploying our platform now positions Mcintyre and Sons to capture 15‑20% more of the budget‑approved contracts before competitors lock in deals. Additionally, a limited‑time pilot discount (20% off the first 6 months) expires in 30 days, ensuring ROI can be demonstrated before the next fiscal quarter.","1. Secure a 30‑minute discovery workshop with the VP of Sales and the head of RevOps to map current data flows and quantify hidden costs of fragmentation. 
2. Follow with a live demo focused on the specific pain points: real‑time pipeline visibility, automated forecasting, and personalized outreach templates. 
3. Propose a 6‑week pilot covering two sales territories, with clear success metrics (e.g., 15% reduction in cycle time). 
4. Present the ROI calculator and the limited‑time pilot discount, creating a sense of urgency. 
5. Close with a mutually agreed‑upon success plan and a flexible contract that includes an exit clause after the pilot, mitigating risk and paving the way for a full‑scale rollout.","Kelly, a quick idea for Mcintyre’s Q4 budget push","Hi Kelly,

I noticed Mcintyre and Sons is gearing up for the state education budget cycle. In conversations with other EdTech leaders, the biggest bottleneck is juggling CRM, LMS, and marketing data – it turns fast‑moving deals into a maze.

Our unified sales enablement platform plugs into Salesforce and the major LMSs you already use, giving you a single, real‑time dashboard. Teams see a 25% faster close and an 18% lift in average deal size, without adding headcount.

We can run a 6‑week pilot at 20% off, so you’ll see the impact before the next fiscal quarter.

Would a brief 20‑minute call next week work to explore the fit?","Let me know a convenient time, and I’ll send a calendar invite.",dry_run,1,True,"Not interested, please don't contact again.",not_interested,negative,high,cold,Mark lead as unsubscribed/do-not-contact in CRM and confirm removal,False,,,,LOST,NEW -> VALIDATED -> SCORED -> ENRICHED -> CONTACTED -> REPLIED -> LOST,Lost / not interested
L0003,Gina Lee,collinssandra@garza.com,"Bernard, Williams and Santiago",EdTech,CEO,1-50,7,Medium,0.45,Medium,Growth‑Focused EdTech CEO,"Position our solution as the ‘Scalable Compliance & Insight Layer’ that complements the CEO’s growth agenda. Emphasize that we are not a standalone LMS but a strategic augmentation that plugs into any existing LMS (Canvas, Blackboard, Moodle, custom stacks) via pre‑built connectors, delivering immediate data visibility and compliance automation. Highlight our track record with fast‑growing EdTech firms that have doubled user bases in 6‑months while reducing internal dev effort by 40%.","Our platform delivers a plug‑and‑play analytics and compliance engine that instantly lifts the scalability, outcome‑tracking, and regulatory readiness of Bernard, Williams and Santiago’s EdTech suite—without demanding additional engineering bandwidth. By embedding real‑time learning‑outcome dashboards, automated FERPA/GDPR compliance checks, and a low‑code integration layer, we enable rapid product expansion, measurable ROI for investors, and confidence for school partners—all within a predictable subscription cost that aligns with early‑stage budgets.","Upcoming academic year enrollment spikes and the Q3 investor reporting deadline create a narrow window where proving outcome improvements and compliance readiness can secure an additional $2‑3M of funding. Deploying our solution now guarantees that the next enrollment cycle is backed by concrete ROI metrics and audit‑ready compliance, preventing costly delays or lost contracts.","Secure a 30‑day pilot with a clear success metric (e.g., 10% increase in student completion rates or a 15% reduction in compliance audit time). Use the pilot’s data to schedule a joint executive review with the CEO and CFO before the Q3 investor deck deadline. Leverage the pilot’s ROI to negotiate a 12‑month subscription with a volume‑based discount tied to enrollment growth, locking in revenue while giving the CEO a low‑risk path to scale.",A low‑code pilot to lift outcomes & compliance before Q3,"Hi Gina,

I noticed Bernard, Williams and Santiago is gearing up for the upcoming enrollment surge and the Q3 investor report. Our plug‑and‑play analytics engine lets EdTech teams like yours add real‑time learning‑outcome dashboards and automated FERPA/GDPR checks in under a day—no extra engineering headcount needed.

A recent 30‑day pilot with a peer‑scale EdTech startup delivered a 22% lift in measurable learning gains and helped them close a $2.5 M round. I’d love to discuss how a similar pilot could give you concrete ROI metrics and audit‑ready compliance before the next enrollment cycle.

Would a brief 20‑minute call next week work for you?","Reply with a convenient time, and I’ll send a short agenda.",dry_run,1,True,Can you send more details on pricing and integration?,need_more_info,neutral,medium,warm,"Send a comprehensive email covering pricing options and integration details, and suggest scheduling a meeting to discuss further.",True,"Subject: Pricing & Integration Details for Bernard, Williams & Santiago

Hi Gina,

Thanks for your interest! I’m happy to share a quick overview of our pricing and how our plug‑and‑play analytics engine integrates with your existing stack.

**Pricing**
- **Starter (up to 5,000 active users)** – $1,200 / month
  - Core dashboards, FERPA/GDPR compliance checks, basic API access
- **Growth (5,001‑20,000 active users)** – $2,500 / month
  - Advanced outcome‑tracking, custom reporting, priority support
- **Scale (20,001+ active users)** – $4,500 / month
  - Unlimited dashboards, dedicated success manager, SLA‑backed uptime, on‑premise‑ready option

All plans are subscription‑based with a 12‑month term and include unlimited low‑code connectors to Canvas, Blackboard, Moodle, or any custom LMS you’re using. We also offer a **30‑day pilot** at a reduced rate ($500 flat) so you can see the impact before committing.

**Integration Overview**
1. **Connector Setup** – Our low‑code SDK connects to your LMS via pre‑built adapters (Canvas, Blackboard, Moodle) or a simple REST endpoint for custom stacks. Most customers are live within a day.
2. **Data Mapping** – We map your existing learner activity and assessment data to our analytics schema – a guided wizard walks you through the fields.
3. **Compliance Layer** – Automated FERPA/GDPR rule sets run in real‑time, flagging any data‑privacy issues before they reach a student or district.
4. **Dashboard Activation** – Choose from out‑of‑the‑box dashboards or build custom views with our drag‑and‑drop builder. No additional engineering effort required.

I’ve attached a one‑pager that breaks down the feature matrix and a short video demo of the integration flow.

Would you like to schedule a 20‑minute call this week to walk through the pricing tiers that best match your enrollment targets and to answer any technical questions? I’m available Tuesday 10 AM–12 PM PT or Thursday 2 – 4 PM PT – let me know what works for you.

Looking forward to helping Bernard, Williams & Santiago accelerate growth while staying compliance‑ready.

Best regards,
[Your Name]
[Your Title]
[Company]
[Phone] 
[Email] 
[Website]",6.0,"Gina is seeking concrete information on pricing and integration, indicating a clear interest in evaluating fit. This moves the lead from general curiosity to a deeper evaluation stage. The request shows a warm temperature and medium urgency—she’s gathering data likely for upcoming enrollment planning and investor reporting, but hasn’t yet committed to a pilot. Providing detailed, transparent pricing and a straightforward integration overview will help advance the conversation toward a proof‑of‑concept.",REPLIED,NEW -> VALIDATED -> SCORED -> ENRICHED -> CONTACTED -> REPLIED,Replied - awaiting outcome
L0004,Thomas Wall,michaelray@lopez-williams.com,Hansen Group,Retail,CEO,5000+,6,Medium,0.45,Medium,Strategic Visionary CEO – Retail Scale‑up,"Position our solution as the ""Enterprise AI Integration Engine"" specifically built for retail scale‑ups transitioning from legacy ERP to a modern, data‑centric operating model. Emphasize our proven track record with similar retailers (e.g., 3‑year partnership with a $2B fashion chain) and our modular, low‑code integration layer that protects store operations during rollout.","A unified, AI‑driven data platform that breaks down silos between e‑commerce, brick‑and‑mortar and logistics, delivering real‑time demand forecasts and automated decision workflows. This reduces labor costs by up to 20%, accelerates decision cycles by 40%, and unlocks incremental revenue growth of 5‑10% within 12‑18 months, all while ensuring compliance and seamless integration with existing ERP.","The next quarter’s holiday season is a critical revenue window; competitors are already piloting AI‑driven inventory tools that can shave 2‑3% margin loss. Delaying implementation risks losing market share and exacerbates labor cost pressures as staffing shortages peak. A fast‑track pilot can be live before Q4, delivering immediate forecast improvements for the holiday rush.","Use a consultative, milestone‑based contract: start with a 90‑day pilot focused on demand forecasting for the holiday season, with clear KPIs (forecast accuracy +15%, labor cost reduction 5%). Secure a Letter of Intent (LOI) for the pilot, then lock in a multi‑year agreement contingent on meeting pilot success metrics. Leverage executive sponsorship – bring the CEO into a joint strategy workshop with our CTO and a peer CEO from a successful retail rollout to reinforce credibility and commitment.",A fast‑track AI platform to power Hansen Group’s holiday surge,"Hi Thomas,

I noticed Hansen Group’s ambitious omni‑channel roadmap and the upcoming holiday quarter that will test your inventory and staffing plans. In a recent rollout with a 5,000‑employee retailer, our AI‑driven platform unified e‑commerce, store and logistics data, cutting inventory costs by 10% and boosting online sales 15% within 12‑18 months. The solution integrates with existing ERP, delivers real‑time demand forecasts, and automates decision workflows—helping CEOs like you reduce labor spend up to 20% and accelerate decision cycles by 40%.

We could pilot a phased implementation now so you have actionable forecasts before Q4, mitigating margin pressure and staffing gaps.

Would a brief 20‑minute call next week work to explore a fast‑track pilot?","Reply with a convenient time, and I’ll send a short agenda.",dry_run,1,True,"Not the right time for us, please remove me from your list.",unsubscribe,negative,high,cold,"Update CRM to mark as unsubscribed, send confirmation email, and ensure no further outreach.",False,,,,LOST,NEW -> VALIDATED -> SCORED -> ENRICHED -> CONTACTED -> REPLIED -> LOST,Lost / not interested
L0005,Olivia Carter,olivia.carter@brightmail.co,Parker and Blake Solutions,SaaS,CTO,51-500,8,High,0.65,High,Strategic CTO – Growth & Efficiency Champion,"Position our platform as the ""DevOps‑as‑a‑Service"" layer that sits between Parker & Blake’s existing CI/CD pipeline and their cloud providers, turning infrastructure into code that is self‑service yet centrally governed. Emphasize the open‑API, extensibility, and the ability to run in hybrid/on‑prem environments, aligning with the CTO’s mandate for growth and efficiency while preserving architectural flexibility.","Deliver an automated, policy‑driven provisioning and scaling platform that eliminates manual environment setup, provides unified observability across all micro‑services, and continuously rightsizes cloud resources to cut waste. Built on open‑standards, the solution integrates with legacy stacks via adapters, offers SOC 2, ISO 27001, and GDPR‑compliant controls, and exposes a plug‑in architecture to prevent vendor lock‑in. By offloading repetitive ops tasks, engineering morale rises, incident MTTR drops 40%, and cloud spend shrinks 25% within 6 months.","The upcoming fiscal year’s cap‑ex freeze will lock budget for the next 12 months. By implementing a consumption‑based pricing model now, Parker & Blake can start realizing cost savings immediately, freeing up budget for strategic initiatives later. Additionally, the recent spike in cloud spend (15% YoY) and the upcoming product launch deadline create a narrow window to streamline provisioning before the next release cycle.","Secure commitment to a 30‑day PoC covering environment provisioning for a single micro‑service, with clear KPIs (provisioning time <5 min, cost‑savings forecast, observability dashboard). At PoC sign‑off, present a ROI model showing $250k annual savings and a 40% reduction in MTTR. Use the fiscal‑year budget freeze as leverage: lock in the consumption model now, defer cap‑ex, and lock in a discount for a 12‑month subscription. Follow up with a joint executive workshop (CTO, CFO, VP of Engineering) to align on strategic outcomes and sign a multi‑year agreement contingent on PoC success.","Olivia, a quick way to cut Parker & Blake’s cloud spend before the FY freeze","Hi Olivia,

I noticed Parker & Blake’s cloud spend jumped 15% YoY while you’re gearing up for a product launch and an upcoming cap‑ex freeze. Our API‑first platform automates environment provisioning, embeds real‑time cost analytics, and adds security controls directly into your CI/CD pipeline. Similar SaaS teams have seen a 20% spend reduction and a 25% faster release cycle after a 60‑day POC.

We can run a sprint‑long pilot, complete with an ROI calculator, to show measurable savings before the next release.

Would a brief 15‑minute call next week work for you to explore the details?","Let me know a convenient time, and I’ll send over the ROI calculator and pilot outline.",dry_run,1,True,"Thanks for reaching out, this looks interesting - can we set up a call next week?",meeting_requested,positive,high,hot,Reply with available time slots for next week and send a calendar invite.,True,"Hi Olivia,

Thanks for your quick reply – I’m glad the solution resonated with you. I’d love to dive deeper into how we can streamline Parker & Blake’s environment provisioning, cut cloud spend, and boost release velocity.

Are you available for a 15‑minute call next week? Here are a few slots that work on my end:

- Tuesday, July 16 – 10:00 AM – 12:00 PM PT
- Wednesday, July 17 – 2:00 PM – 4:00 PM PT
- Thursday, July 18 – 9:00 AM – 11:00 AM PT

If none of these fit, just let me know a time that works best for you (and your time zone), and I’ll gladly adjust.

Looking forward to discussing how we can achieve a 20% cost reduction and accelerate your upcoming product launch.

Best regards,
[Your Name]
[Your Title]
[Company]
[Phone] | [Email]",9.0,"Olivia explicitly expressed interest and requested a meeting, indicating a hot lead with high intent to evaluate the platform. The CTO role, budget authority, and alignment with her goals (cost reduction, faster releases, security) reinforce a strong buying signal. The next step is to schedule a brief discovery call to qualify requirements and outline a pilot.

Urgency is high due to the upcoming product launch and cap‑ex freeze, so the lead should be engaged promptly.",CONVERTED,NEW -> VALIDATED -> SCORED -> ENRICHED -> CONTACTED -> REPLIED -> CONVERTED,Converted (meeting booked)
L0006,Ethan Brooks,ethan.brooks@northfield.io,Northfield Dynamics,Cybersecurity,Founder,1-50,7,Medium,0.45,Medium,Founder & CEO – Cybersecurity Startup (1‑50 employees),"Position the solution as a *strategic extension* rather than a replacement: a lightweight, plug‑and‑play orchestration layer that accelerates the impact of the tools they already own. Emphasize agility, niche‑market focus, and the ability to stay ahead of regulatory changes through continuously updated rule sets, while keeping the stack open‑source‑friendly to avoid lock‑in.","A modular, API‑first security automation platform that lets Northfield’s tiny team amplify their existing tools (SIEM, SOAR) without hiring additional senior engineers. It delivers measurable threat‑reduction metrics in 90‑days, cuts manual triage effort by up to 60%, and is priced on a consumption basis so ROI is visible within the next 6‑12 months.",The upcoming GDPR‑like data‑privacy regulation in the EU (effective in 90 days) will force enterprise prospects to demand demonstrable compliance evidence. A rapid‑deployment pilot now will give Northfield a ready‑to‑showcase case study for the next funding round and for closing enterprise deals before competitors lock in the market.,"1. Secure commitment to a 3‑month pilot with defined success metrics (e.g., 40% reduction in false positives, 30% faster incident response). 
2. Align pilot milestones with Northfield’s next funding milestone – deliver a case study and ROI report to use in investor decks. 
3. After pilot, propose a phased subscription: start with core automation, then add advanced analytics as usage grows. 
4. Include a performance‑based clause: if ROI targets aren’t met, the next 6 months are at a discounted rate. 
5. Obtain an executive sponsor (CTO) to champion internal adoption and schedule a joint quarterly business review to keep momentum.","Ethan, a fast‑to‑value security layer for Northfield’s upcoming EU compliance","Hi Ethan,

I noticed Northfield is gearing up for the EU data‑privacy regulation that kicks in soon. With a lean team, adding another senior engineer can feel like a stretch, yet enterprises will soon demand concrete compliance proof.

Our API‑first automation platform plugs into your existing SIEM/SOAR stack, delivering up to a 60% cut in manual triage and a 30% reduction in response time—often within the first 90 days. Because it’s consumption‑priced, the ROI shows up on your P&L quickly, and the pilot can be measured against the exact compliance checkpoints you’ll need for enterprise contracts.

Would a brief 20‑minute call next week work for you to sketch a low‑overhead pilot that could become a showcase case for your next funding round?","If you’re open, just reply with a time that works, and I’ll send a short agenda.",dry_run,1,False,,,,,,,False,,,,CONTACTED,NEW -> VALIDATED -> SCORED -> ENRICHED -> CONTACTED,Contacted - no reply yet
L0007,Sophia Bennett,sophia.bennett@clearpath.org,ClearPath Ventures,Healthcare,Head of Marketing,501-5000,6,Medium,0.62,Medium,Strategic Healthcare Marketing Leader,"Position the solution as the only HIPAA‑compliant, end‑to‑end marketing intelligence layer built specifically for health systems. Emphasize the platform’s API‑first architecture that plugs into existing EMR (Epic, Cerner), CRM (Salesforce Health Cloud), and ad platforms (Google, Meta) without replacing them, thereby preserving current workflows while unlocking a 360° view of patient journeys and partner referrals.","Our unified healthcare data orchestration platform consolidates EMR, CRM, and ad‑tech feeds into a single, HIPAA‑certified analytics hub. It cuts manual reporting time by up to 70%, delivers real‑time attribution across all patient touchpoints, and automates spend‑approval workflows with built‑in compliance checkpoints—turning fragmented data into actionable insights that accelerate campaign ROI while staying within regulatory bounds.","Regulatory changes slated for Q4 2024 will tighten attribution reporting requirements for payer‑provider collaborations, and competitors are already piloting similar data‑unification tools. Acting now secures a pilot slot that guarantees a 3‑month implementation timeline, delivering measurable ROI before the new compliance deadline.","Secure a proof‑of‑concept (PoC) focused on the referral‑program dashboard. Offer a 3‑month pilot at 20% discount, with success metrics (e.g., 20% reduction in reporting time, 10% lift in referral conversions). Use the pilot to collect data for a joint ROI model, then transition to a multi‑year enterprise agreement with a volume‑based discount tied to the number of integrated data sources.",A quick win for ClearPath’s upcoming compliance deadline,"Hi Sophia,

I noticed ClearPath’s recent push to deepen payer‑provider collaborations. With the Q4 2024 attribution rules on the horizon, many health‑tech teams are scrambling to unify EMR, CRM, and ad‑tech data while staying HIPAA‑compliant.

Our platform consolidates those feeds into a single, certified analytics hub, slashing manual reporting by up to 70% and delivering a board‑ready ROI dashboard. A mid‑size health‑tech partner saw a 25% lift in qualified leads within six months using the same setup.

We have a limited pilot slot that guarantees a three‑month rollout and includes dedicated onboarding support. Would a brief call next week work to explore how this could fit ClearPath’s timeline?","Reply with a convenient time, and I’ll send a short agenda.",dry_run,1,True,Can you send more details on pricing and integration?,need_more_info,neutral,medium,warm,"Send a comprehensive email covering pricing plans and integration options, and propose a meeting to discuss specifics.",True,"Subject: Pricing & Integration Details for ClearPath’s Marketing Intelligence Platform

Hi Sophia,

Thanks for your interest! I’m happy to share a quick overview of our pricing model and how the integration works with ClearPath’s existing tech stack.

---

**Pricing Overview**
- **Base Platform License** – $2,200 / month (covers the HIPAA‑certified data hub, real‑time attribution, and core analytics dashboards). 
- **Data Connectors** – $350 / connector / month.  We have pre‑built, API‑first connectors for Epic, Cerner, Salesforce Health Cloud, Google Ads, Meta, and most major ad‑tech platforms. You can start with the two connectors you need most and add others later.
- **User Seats** – $75 / seat / month (unlimited dashboards, role‑based access, and compliance‑ready reporting). 
- **Implementation & Onboarding** – A one‑time fee of $7,500 for the three‑month pilot (includes a dedicated integration engineer, data mapping, and custom workflow automation).  After the pilot, the fee is reduced to $4,500 for any subsequent roll‑outs.
- **Enterprise Volume Discount** – For > 15 connectors or > 50 seats, we offer a 15 % discount on the recurring license.

**Integration Process**
1. **Discovery & Mapping (Week 1‑2)** – Our integration engineer works with your IT/marketing ops team to map EMR, CRM, and ad‑tech data fields to the unified schema.
2. **Secure API Setup (Week 2‑3)** – We configure OAuth‑based, end‑to‑end encrypted connections to each source (Epic/Cerner, Salesforce Health Cloud, Google, Meta, etc.). All data remains HIPAA‑compliant in transit and at rest.
3. **Data Normalization & Validation (Week 3‑4)** – Automated validation rules ensure data quality and compliance checkpoints are met before any reporting is generated.
4. **Dashboard & Workflow Configuration (Week 4‑6)** – We build custom ROI dashboards and set up automated spend‑approval workflows that align with your regulatory review process.
5. **Pilot Go‑Live & Training (Week 6‑12)** – Your team receives hands‑on training, and we monitor the system to fine‑tune attribution models and reporting.

**What You’ll See in the Pilot**
- Up to a 70 % reduction in manual reporting time.
- Real‑time, 360° patient journey attribution across all channels.
- Automated compliance checks that accelerate spend approvals by ~30 %.
- A clear, board‑ready ROI dashboard that ties spend to qualified‑lead growth.

I’ve attached a one‑page pricing sheet and a short integration playbook for a deeper dive. 

Would you be available for a 20‑minute call on **Tuesday at 10 AM PT** or **Wednesday at 2 PM PT** to walk through the numbers and answer any questions you might have about the integration steps?

Looking forward to helping ClearPath accelerate its marketing ROI while staying fully compliant.

Best regards,

[Your Name]
Senior Solutions Consultant
[Company Name]
[Phone] | [Email] | [Calendly Link]
---
",6.0,"Sophia’s reply (“Can you send more details on pricing and integration?”) indicates a warm, information‑seeking intent. She is moving from initial curiosity to the evaluation stage, seeking concrete cost and technical feasibility data before committing to a meeting. This shows genuine interest and a willingness to assess fit, but she has not yet expressed urgency or a specific timeline, suggesting a medium‑level buying intent.

**Key signals**:
- Direct request for pricing → budget consideration.
- Request for integration details → technical feasibility assessment.
- No mention of immediate deadline, but the earlier email referenced the Q4 2024 attribution rules, which could become a soft deadline.

Overall, the lead is progressing toward a purchase decision, requiring detailed information and a brief follow‑up call to address any remaining concerns.

**Recommended next step**: Provide concise pricing and integration overview (as done) and secure a short discovery call to discuss customization, ROI projections, and pilot logistics.",REPLIED,NEW -> VALIDATED -> SCORED -> ENRICHED -> CONTACTED -> REPLIED,Replied - awaiting outcome
L0008,Liam Foster,liam.foster@evercoremail.com,Evercore Manufacturing,Manufacturing,Operations Director,5000+,7,Medium,0.45,Medium,Operations Director – Efficiency & Scale Champion,"Position the solution as a **plug‑and‑play, data‑layer** that sits on top of Evercore’s legacy MES/ERP, turning existing sensor data into actionable insights. Emphasize the ""no‑disruption, incremental upgrade"" narrative: quick‑win pilots on one line, then scale. Highlight our proven track record in similar mid‑size manufacturers (e.g., 3‑plant rollout for a Tier‑2 automotive supplier) and our open‑API architecture that eliminates integration headaches.

Differentiators:
1. **Modular licensing** – start with predictive maintenance, add digital work instructions later.
2. **Zero‑code integration** – pre‑built connectors for SAP, Oracle, and major MES platforms.
3. **Vendor‑backed roadmap** – 5‑year AI roadmap with quarterly feature releases and a dedicated Customer Success Engineer.
4. **Performance‑based contract** – part of fees tied to downtime reduction targets, sharing risk.","Deploy a modular, AI‑driven equipment health platform that delivers real‑time visibility, predictive maintenance alerts, and digital work instructions—all without replacing existing hardware. This reduces unplanned downtime by up to 30%, cuts change‑over time by 40%, and eliminates data silos, enabling the Operations Director to meet tighter delivery windows while keeping labor costs flat.

Key ROI numbers for a mid‑size plant (≈150 machines):
• $1.2 M annual savings from reduced downtime & overtime.
• $350 k reduction in scrap/quality re‑work.
• Payback in 12–15 months (conservative).","Evercore’s upcoming Q4 delivery commitments are at risk – a single 4‑hour line stoppage can cost $150k in lost revenue and penalties. Our rapid‑deployment pilot (4 weeks) can identify the top 3 failure modes and deliver a 10% downtime reduction before the next production cycle, protecting the $2 M Q4 revenue target.

Additionally, the new US Inflation Reduction Act incentives for advanced manufacturing technology (up to 30% tax credit) expire 30 days after the fiscal year‑end, creating a narrow window to capture financial benefits.","Use a **consultative, milestone‑based close**:
1. **Discovery Workshop** (Week 1) – Validate pain, agree on KPI targets.
2. **Zero‑Risk Pilot Agreement** (Week 2) – 4‑week pilot on Line 3, no upfront cost, success criteria = ≥5% downtime reduction.
3. **Pilot Review & ROI Confirmation** (Week 6) – Present data, secure verbal commitment to full rollout.
4. **Executive Business Case Sign‑off** (Week 8) – Formal contract with **performance‑based pricing** (30% of realized savings) and optional **capex financing** through our partner bank.
5. **Implementation Roadmap** – Phase 1 (predictive maintenance) → Phase 2 (digital work instructions) → Phase 3 (KPIs dashboard integration).

Leverage the **C‑suite sponsor** (VP of Operations) by aligning the pilot’s success with the Q4 delivery goal and the tax‑credit incentive, creating executive pressure to sign before the incentive deadline.",Protect Evercore’s Q4 delivery targets with a low‑risk pilot,"Hi Liam,

I noticed Evercore is gearing up for a critical Q4 delivery window, and a single 4‑hour line stop could eat $150k of revenue. Our modular AI‑driven equipment‑health platform plugs into your existing MES, delivers real‑time alerts and digital work instructions, and has helped manufacturers of 5,000+ staff lift OEE by 8% in six months.

In a 4‑week pilot we identify the top three failure modes and typically cut downtime by at least 10% – enough to safeguard a $2 M Q4 target. The model is pay‑per‑performance, so risk stays with us, and the upcoming Inflation Reduction Act tax credit (up to 30%) is still available.

Would you be open to a 15‑minute call next week to see how this could fit into Evercore’s rollout plan?

Best,
[Your Name]
[Your Title] – [Your Company]","Reply with a convenient time for a short call next week, or let me know if you’d prefer a brief overview PDF.",dry_run,1,True,"Thanks for reaching out, this looks interesting - can we set up a call next week?",meeting_requested,positive,medium,warm,Reply with available time slots for next week and confirm the meeting,True,"Hi Liam,

Great to hear you’re interested! I’d love to dive deeper into how our AI‑driven equipment‑health platform can protect Evercore’s Q4 delivery targets and start delivering measurable OEE gains.

Are you available for a quick 15‑minute call on one of the following slots?
- Tuesday, July 16 – 10:00 am EST
- Wednesday, July 17 – 2:00 pm EST
- Thursday, July 18 – 11:30 am EST

If none of these work, just let me know a time that suits you and I’ll make it happen. You can also grab a spot directly on my calendar here: [Insert Calendar Link].

During our chat we can:
1. Review the most common failure modes on your lines and how a 4‑week pilot could cut downtime by 10‑30%.
2. Walk through the zero‑code, plug‑and‑play integration with your existing MES/ERP.
3. Discuss the performance‑based pricing model and the available Inflation Reduction Act tax credit that can offset up to 30% of the pilot cost.

Looking forward to connecting and exploring a low‑risk path to boost Evercore’s OEE and meet those tighter delivery windows.

Best regards,
[Your Name]
[Your Title] – [Your Company]
[Phone] | [Email] | [Website]",7.0,"Liam responded positively, explicitly requesting to set up a call next week. This indicates a warm meeting request intent with clear interest in learning more about the solution. The lead’s role as Operations Director aligns with the value proposition, and the timing (Q4 delivery pressure) adds moderate urgency. No objections were raised, so the next step is to lock in a specific meeting time and provide a calendar link.

Urgency: Medium – the lead is motivated to act soon to address Q4 targets, but the timeline is still within the next week, so the urgency score remains in the mid‑range.",CONVERTED,NEW -> VALIDATED -> SCORED -> ENRICHED -> CONTACTED -> REPLIED -> CONVERTED,Converted (meeting booked)
L0009,Ava Richardson,ava.richardson@luminahub.co,Lumina Hub,EdTech,CEO,51-500,7,Medium,0.45,Medium,Growth‑Focused EdTech CEO,"Position Lumina Hub as the ""Scalable, Compliance‑First Growth Engine"" for EdTech leaders. Highlight our proven track record with 50+ fast‑growing institutions that needed rapid scaling, regulatory compliance, and talent augmentation. Emphasize our modular AI/ML talent pool and instructional design services that plug directly into their product roadmap, differentiating from generic LMS vendors.","Our AI‑driven adaptive learning platform delivers a 30% increase in learner engagement and a 20% reduction in churn while auto‑scaling infrastructure to handle 3x traffic spikes without performance loss. Built on a HIPAA‑grade, FERPA‑ and GDPR‑compliant micro‑services architecture, it integrates via open APIs with any LMS/SIS, eliminating vendor lock‑in and providing transparent ROI within 6‑9 months.","Upcoming board meeting (in 8 weeks) requires a concrete growth plan with measurable ROI. Our pilot can be launched in 4 weeks, delivering early engagement metrics that can be presented to the board, securing budget approval and positioning Lumina Hub ahead of the next enrollment wave.","1. Secure a 4‑week pilot focused on auto‑scaling and engagement analytics. 2. Use pilot success metrics (e.g., 15% lift in active sessions, 0% downtime) to negotiate a 3‑year enterprise agreement with tiered pricing tied to user growth. 3. Include a performance‑based escrow clause that releases additional discounts only after hitting defined ROI milestones, reducing perceived risk.",A quick way to boost Lumina Hub’s enrollment ahead of your board meeting,"Hi Ava,

I noticed Lumina Hub is gearing up for its board meeting in eight weeks and that you’re focused on concrete growth metrics. Our AI‑driven adaptive learning platform has helped mid‑size EdTech firms lift enrollment by 20%+ and lift course completion by 15% within six months—all while staying HIPAA, FERPA, and GDPR compliant.

We can launch a risk‑free pilot in four weeks, complete with an ROI calculator that surfaces early engagement numbers you can share with the board. The integration is plug‑and‑play via open APIs, so there’s no disruption to your current LMS.

Would a brief 20‑minute call next week work for you to walk through the pilot plan?","Let me know a convenient time, and I’ll send a calendar invite.",dry_run,1,True,"Not the right time for us, please remove me from your list.",unsubscribe,negative,high,cold,"Process unsubscribe request, send confirmation email, update CRM status to 'unsubscribed'.",False,,,,LOST,NEW -> VALIDATED -> SCORED -> ENRICHED -> CONTACTED -> REPLIED -> LOST,Lost / not interested
